place,m/w,name,gender,s20,BestTime,Month of date,Year,Result,Result_gen,sub20,Dist
67,21,Балакшина Анна,Ж,,00:20:07,January,2018,00:22:50,00:22:50,,1000
76,23,Игнатьева Олеся,Ж,,00:20:23,January,2018,00:22:25,00:22:25,,1000
93,26,Пчелинцева Анастасия,Ж,,00:20:47,January,2018,00:22:13,00:22:13,,1000
101,28,Кузнецова Наталья,Ж,,00:20:58,January,2018,00:21:32,00:21:32,,1000
111,30,Равлина Евгения,Ж,,00:21:08,January,2018,00:22:14,00:22:14,,1000
113,32,Захарова Дарья,Ж,,00:21:12,January,2018,00:21:12,00:21:12,,1000
120,34,Ярошенко Виктория,Ж,,00:21:31,January,2018,00:22:23,00:22:23,,1000
121,35,Самошкина Мария,Ж,,00:21:33,January,2018,00:21:51,00:21:51,,1000
141,42,Дайнеко Оксана,Ж,,00:22:14,January,2018,00:22:47,00:22:47,,1000
142,43,Поляк Мария,Ж,,00:22:17,January,2018,00:23:42,00:23:42,,1000
152,48,Сенина Анна,Ж,,00:22:25,January,2018,00:22:50,00:22:50,,1000
176,54,Воробьева Наталья,Ж,,00:22:53,January,2018,00:28:52,00:28:52,,1000
174,55,Максимова Наталья,Ж,,00:22:53,January,2018,00:23:28,00:23:28,,1000
177,56,Трухина Анастасия,Ж,,00:22:57,January,2018,00:25:02,00:25:02,,1000
180,58,Овчинникова Юлия,Ж,,00:22:58,January,2018,00:23:42,00:23:42,,1000
208,69,Пивоварова Марианна,Ж,,00:23:31,January,2018,00:23:31,00:23:31,,1000
212,72,Кондратьева Екатерина,Ж,,00:23:34,January,2018,00:23:34,00:23:34,,1000
218,79,Федорова Елена,Ж,,00:23:40,January,2018,00:23:40,00:23:40,,1000
232,84,Велегура Елена,Ж,,00:23:54,January,2018,00:28:10,00:28:10,,1000
255,96,Агапова Дарья,Ж,,00:24:30,January,2018,00:24:30,00:24:30,,1000
264,101,Онисовец Александра,Ж,,00:24:45,January,2018,00:24:45,00:24:45,,1000
284,112,Шибаева Анна,Ж,,00:25:16,January,2018,00:29:11,00:29:11,,1000
287,114,Куприянова Юлия,Ж,,00:25:20,January,2018,00:25:20,00:25:20,,1000
301,120,Кочергина Лиза,Ж,,00:25:52,January,2018,00:25:52,00:25:52,,1000
325,135,Бахвалова Анна,Ж,,00:26:28,January,2018,00:26:28,00:26:28,,1000
347,150,Кирович Ольга,Ж,,00:27:20,January,2018,00:29:58,00:29:58,,1000
358,157,Каменцева Ольга,Ж,,00:27:45,January,2018,00:27:45,00:27:45,,1000
359,158,Назайкинская Ольга,Ж,,00:27:46,January,2018,00:27:46,00:27:46,,1000
378,170,Павлова Алена,Ж,,00:28:21,January,2018,00:37:55,00:37:55,,1000
393,178,Бочарова Татьяна,Ж,,00:29:08,January,2018,00:31:56,00:31:56,,1000
403,183,Знаменская Анна,Ж,,00:29:28,January,2018,00:29:28,00:29:28,,1000
426,199,Долженкова Елена,Ж,,00:30:58,January,2018,00:30:58,00:30:58,,1000
449,214,Балашова Наталья,Ж,,00:32:18,January,2018,00:32:18,00:32:18,,1000
450,215,Романова Ольга,Ж,,00:32:56,January,2018,00:32:56,00:32:56,,1000
459,221,Газизянова Алсу,Ж,,00:33:59,January,2018,00:37:22,00:37:22,,1000
66,20,Байзянова Яна,Ж,,00:20:06,February,2018,00:20:06,00:20:06,,1000
76,23,Игнатьева Олеся,Ж,,00:20:23,February,2018,00:20:23,00:20:23,,1000
101,28,Кузнецова Наталья,Ж,,00:20:58,February,2018,00:20:58,00:20:58,,1000
111,30,Равлина Евгения,Ж,,00:21:08,February,2018,00:22:10,00:22:10,,1000
118,33,Касьянова Маргарита,Ж,,00:21:30,February,2018,00:21:30,00:21:30,,1000
245,91,Цивилева Наталья,Ж,,00:24:12,February,2018,00:26:09,00:26:09,,1000
284,112,Шибаева Анна,Ж,,00:25:16,February,2018,00:26:51,00:26:51,,1000
311,126,Арамян Анна,Ж,,00:26:12,February,2018,00:27:49,00:27:49,,1000
324,134,Иноземцева Елена,Ж,,00:26:28,February,2018,00:26:28,00:26:28,,1000
349,152,Делидова Екатерина,Ж,,00:27:30,February,2018,00:36:13,00:36:13,,1000
362,160,Демкина Екатерина,Ж,,00:27:53,February,2018,00:31:16,00:31:16,,1000
363,161,Гилязова Екатерина,Ж,,00:27:55,February,2018,00:27:55,00:27:55,,1000
364,162,Ермакова Ирина,Ж,,00:27:56,February,2018,00:29:11,00:29:11,,1000
376,168,Болдырева Мария,Ж,,00:28:15,February,2018,00:28:15,00:28:15,,1000
378,170,Павлова Алена,Ж,,00:28:21,February,2018,00:28:21,00:28:21,,1000
398,181,Куликова Татьяна,Ж,,00:29:19,February,2018,00:29:19,00:29:19,,1000
406,185,Евстигнеева Анастасия,Ж,,00:29:38,February,2018,00:29:38,00:29:38,,1000
423,196,Беляева Мария,Ж,,00:30:45,February,2018,00:30:45,00:30:45,,1000
451,216,Жесткова Кира,Ж,,00:33:05,February,2018,00:33:05,00:33:05,,1000
462,223,Леонова Кристина,Ж,,00:34:15,February,2018,00:34:15,00:34:15,,1000
468,226,Гришина Алла,Ж,,00:35:12,February,2018,00:35:12,00:35:12,,1000
76,23,Игнатьева Олеся,Ж,,00:20:23,March,2018,00:21:50,00:21:50,,1000
81,24,Гоготова Мария,Ж,,00:20:32,March,2018,00:20:32,00:20:32,,1000
93,26,Пчелинцева Анастасия,Ж,,00:20:47,March,2018,00:20:47,00:20:47,,1000
101,28,Кузнецова Наталья,Ж,,00:20:58,March,2018,00:22:07,00:22:07,,1000
112,31,Клезович Елена,Ж,,00:21:11,March,2018,00:22:05,00:22:05,,1000
118,33,Касьянова Маргарита,Ж,,00:21:30,March,2018,00:22:55,00:22:55,,1000
120,34,Ярошенко Виктория,Ж,,00:21:31,March,2018,00:21:31,00:21:31,,1000
121,35,Самошкина Мария,Ж,,00:21:33,March,2018,00:21:33,00:21:33,,1000
128,36,Плотникова Елена,Ж,,00:21:53,March,2018,00:23:49,00:23:49,,1000
135,40,Ожерельева Ольга,Ж,,00:22:07,March,2018,00:22:07,00:22:07,,1000
137,41,Куликова Елена,Ж,,00:22:11,March,2018,00:23:13,00:23:13,,1000
142,43,Поляк Мария,Ж,,00:22:17,March,2018,00:22:17,00:22:17,,1000
146,44,Крижановская Наталья,Ж,,00:22:22,March,2018,00:23:53,00:23:53,,1000
147,45,Портыко Евгения,Ж,,00:22:22,March,2018,00:26:07,00:26:07,,1000
157,49,Герасименко Наталья,Ж,,00:22:31,March,2018,00:23:09,00:23:09,,1000
167,51,Устинова Анастасия,Ж,,00:22:43,March,2018,00:24:06,00:24:06,,1000
176,54,Воробьева Наталья,Ж,,00:22:53,March,2018,00:27:58,00:27:58,,1000
174,55,Максимова Наталья,Ж,,00:22:53,March,2018,00:23:47,00:23:47,,1000
181,57,Винник Наталья,Ж,,00:22:58,March,2018,00:22:58,00:22:58,,1000
182,59,Перевозчикова Наталья,Ж,,00:22:59,March,2018,00:23:26,00:23:26,,1000
190,61,Середкина Дина,Ж,,00:23:13,March,2018,00:26:23,00:26:23,,1000
198,66,Небольсина Екатерина,Ж,,00:23:25,March,2018,00:23:25,00:23:25,,1000
212,72,Кондратьева Екатерина,Ж,,00:23:34,March,2018,00:24:01,00:24:01,,1000
216,76,Кузнецова Анна,Ж,,00:23:38,March,2018,00:23:38,00:23:38,,1000
223,82,Дубовик Снежана,Ж,,00:23:45,March,2018,00:25:53,00:25:53,,1000
232,84,Велегура Елена,Ж,,00:23:54,March,2018,00:26:57,00:26:57,,1000
236,87,Александрова Марина,Ж,,00:23:58,March,2018,00:25:49,00:25:49,,1000
245,91,Цивилева Наталья,Ж,,00:24:12,March,2018,00:28:57,00:28:57,,1000
262,99,Лифаничева Татьяна,Ж,,00:24:38,March,2018,00:32:58,00:32:58,,1000
267,103,Шакина Анна,Ж,,00:24:50,March,2018,00:24:50,00:24:50,,1000
346,149,Микаелян Анна,Ж,,00:27:18,March,2018,00:28:28,00:28:28,,1000
347,150,Кирович Ольга,Ж,,00:27:20,March,2018,00:27:20,00:27:20,,1000
364,162,Ермакова Ирина,Ж,,00:27:56,March,2018,00:27:56,00:27:56,,1000
365,163,Непорожняя Любовь,Ж,,00:28:00,March,2018,00:28:00,00:28:00,,1000
388,176,Ким Елена,Ж,,00:28:59,March,2018,00:32:02,00:32:02,,1000
393,178,Бочарова Татьяна,Ж,,00:29:08,March,2018,00:29:08,00:29:08,,1000
421,194,Крылова Анна,Ж,,00:30:38,March,2018,00:34:27,00:34:27,,1000
427,200,Балабина Валерия,Ж,,00:31:02,March,2018,00:31:02,00:31:02,,1000
452,217,Бекмамбетова Жанна,Ж,,00:33:06,March,2018,00:33:06,00:33:06,,1000
456,219,Коновалова Наталья,Ж,,00:33:42,March,2018,00:33:42,00:33:42,,1000
457,220,Маштакова Елена,Ж,,00:33:44,March,2018,00:33:44,00:33:44,,1000
466,225,Егорова Евгения,Ж,,00:35:11,March,2018,00:35:11,00:35:11,,1000
471,229,Кичигина Екатерина,Ж,,00:36:01,March,2018,00:36:01,00:36:01,,1000
474,232,Щавлева Алена,Ж,,00:36:21,March,2018,00:36:21,00:36:21,,1000
476,234,Таварткиладзе Светлана,Ж,,00:37:25,March,2018,00:37:25,00:37:25,,1000
65,19,Чаусова Ирина,Ж,,00:20:05,April,2018,00:20:05,00:20:05,,1000
70,22,Доросевич Алина,Ж,,00:20:13,April,2018,00:20:13,00:20:13,,1000
81,24,Гоготова Мария,Ж,,00:20:32,April,2018,00:21:19,00:21:19,,1000
85,25,Нестерова Екатерина,Ж,,00:20:39,April,2018,00:20:39,00:20:39,,1000
100,27,Горькова Наталья,Ж,,00:20:58,April,2018,00:20:58,00:20:58,,1000
111,30,Равлина Евгения,Ж,,00:21:08,April,2018,00:21:08,00:21:08,,1000
118,33,Касьянова Маргарита,Ж,,00:21:30,April,2018,00:22:12,00:22:12,,1000
128,36,Плотникова Елена,Ж,,00:21:53,April,2018,00:22:35,00:22:35,,1000
146,44,Крижановская Наталья,Ж,,00:22:22,April,2018,00:23:22,00:23:22,,1000
147,45,Портыко Евгения,Ж,,00:22:22,April,2018,00:24:12,00:24:12,,1000
150,46,Думенкова Елена,Ж,,00:22:24,April,2018,00:23:29,00:23:29,,1000
152,48,Сенина Анна,Ж,,00:22:25,April,2018,00:22:56,00:22:56,,1000
157,49,Герасименко Наталья,Ж,,00:22:31,April,2018,00:22:31,00:22:31,,1000
164,50,Прядкина Наталья,Ж,,00:22:38,April,2018,00:25:02,00:25:02,,1000
167,51,Устинова Анастасия,Ж,,00:22:43,April,2018,00:24:07,00:24:07,,1000
176,54,Воробьева Наталья,Ж,,00:22:53,April,2018,00:22:53,00:22:53,,1000
174,55,Максимова Наталья,Ж,,00:22:53,April,2018,00:22:53,00:22:53,,1000
177,56,Трухина Анастасия,Ж,,00:22:57,April,2018,00:22:57,00:22:57,,1000
180,58,Овчинникова Юлия,Ж,,00:22:58,April,2018,00:22:58,00:22:58,,1000
182,59,Перевозчикова Наталья,Ж,,00:22:59,April,2018,00:22:59,00:22:59,,1000
190,61,Середкина Дина,Ж,,00:23:13,April,2018,00:23:51,00:23:51,,1000
201,67,Алиева Диана,Ж,,00:23:26,April,2018,00:23:26,00:23:26,,1000
215,75,Седельникова Екатерина,Ж,,00:23:37,April,2018,00:23:37,00:23:37,,1000
223,82,Дубовик Снежана,Ж,,00:23:45,April,2018,00:23:48,00:23:48,,1000
232,84,Велегура Елена,Ж,,00:23:54,April,2018,00:25:53,00:25:53,,1000
240,88,Безгубова Дарья,Ж,,00:24:05,April,2018,00:29:20,00:29:20,,1000
245,91,Цивилева Наталья,Ж,,00:24:12,April,2018,00:25:21,00:25:21,,1000
263,100,Караван Юлия,Ж,,00:24:40,April,2018,00:24:53,00:24:53,,1000
281,109,Юдина Ольга,Ж,,00:25:13,April,2018,00:26:59,00:26:59,,1000
284,112,Шибаева Анна,Ж,,00:25:16,April,2018,00:25:16,00:25:16,,1000
291,115,Ефимова Агата,Ж,,00:25:30,April,2018,00:25:30,00:25:30,,1000
311,126,Арамян Анна,Ж,,00:26:12,April,2018,00:26:12,00:26:12,,1000
327,137,Шарова Регина,Ж,,00:26:31,April,2018,00:26:31,00:26:31,,1000
340,144,Матвиенко Светлана,Ж,,00:27:04,April,2018,00:27:04,00:27:04,,1000
341,146,Шеховцова Светлана,Ж,,00:27:05,April,2018,00:28:58,00:28:58,,1000
346,149,Микаелян Анна,Ж,,00:27:18,April,2018,00:27:18,00:27:18,,1000
347,150,Кирович Ольга,Ж,,00:27:20,April,2018,00:27:32,00:27:32,,1000
356,156,Меникситян Елена,Ж,,00:27:43,April,2018,00:27:43,00:27:43,,1000
373,166,Теслина Екатерина,Ж,,00:28:13,April,2018,00:28:13,00:28:13,,1000
382,172,Шестак Екатерина,Ж,,00:28:32,April,2018,00:28:32,00:28:32,,1000
386,174,Кузьмич Юлия,Ж,,00:28:43,April,2018,00:28:43,00:28:43,,1000
395,180,Чеснокова Оксана,Ж,,00:29:12,April,2018,00:29:12,00:29:12,,1000
420,193,Тямкова Женя,Ж,,00:30:38,April,2018,00:30:38,00:30:38,,1000
421,194,Крылова Анна,Ж,,00:30:38,April,2018,00:30:38,00:30:38,,1000
76,23,Игнатьева Олеся,Ж,,00:20:23,May,2018,00:22:20,00:22:20,,1000
112,31,Клезович Елена,Ж,,00:21:11,May,2018,00:21:11,00:21:11,,1000
128,36,Плотникова Елена,Ж,,00:21:53,May,2018,00:21:53,00:21:53,,1000
135,40,Ожерельева Ольга,Ж,,00:22:07,May,2018,00:22:43,00:22:43,,1000
137,41,Куликова Елена,Ж,,00:22:11,May,2018,00:22:11,00:22:11,,1000
147,45,Портыко Евгения,Ж,,00:22:22,May,2018,00:22:48,00:22:48,,1000
150,46,Думенкова Елена,Ж,,00:22:24,May,2018,00:24:26,00:24:26,,1000
152,48,Сенина Анна,Ж,,00:22:25,May,2018,00:22:25,00:22:25,,1000
157,49,Герасименко Наталья,Ж,,00:22:31,May,2018,00:22:54,00:22:54,,1000
167,51,Устинова Анастасия,Ж,,00:22:43,May,2018,00:22:43,00:22:43,,1000
176,54,Воробьева Наталья,Ж,,00:22:53,May,2018,00:23:15,00:23:15,,1000
181,57,Винник Наталья,Ж,,00:22:58,May,2018,00:23:21,00:23:21,,1000
182,59,Перевозчикова Наталья,Ж,,00:22:59,May,2018,00:23:32,00:23:32,,1000
199,65,Куваева Екатерина,Ж,,00:23:25,May,2018,00:23:25,00:23:25,,1000
209,70,Дегтярева Екатерина,Ж,,00:23:32,May,2018,00:23:32,00:23:32,,1000
210,71,Сарапуу Яна,Ж,,00:23:33,May,2018,00:23:33,00:23:33,,1000
212,72,Кондратьева Екатерина,Ж,,00:23:34,May,2018,00:24:07,00:24:07,,1000
217,77,Жадкевич Екатерина,Ж,,00:23:38,May,2018,00:23:38,00:23:38,,1000
219,80,Медведева Мария,Ж,,00:23:40,May,2018,00:23:40,00:23:40,,1000
223,82,Дубовик Снежана,Ж,,00:23:45,May,2018,00:23:45,00:23:45,,1000
236,87,Александрова Марина,Ж,,00:23:58,May,2018,00:23:58,00:23:58,,1000
240,88,Безгубова Дарья,Ж,,00:24:05,May,2018,00:24:05,00:24:05,,1000
241,89,Дивеева Екатерина,Ж,,00:24:09,May,2018,00:24:09,00:24:09,,1000
251,94,Дубровина Вера,Ж,,00:24:25,May,2018,00:24:25,00:24:25,,1000
263,100,Караван Юлия,Ж,,00:24:40,May,2018,00:24:40,00:24:40,,1000
269,104,Шафрановская Анна,Ж,,00:24:54,May,2018,00:24:54,00:24:54,,1000
281,109,Юдина Ольга,Ж,,00:25:13,May,2018,00:25:13,00:25:13,,1000
317,129,Кнутова Анна,Ж,,00:26:20,May,2018,00:28:08,00:28:08,,1000
322,133,Коджа Екатерина,Ж,,00:26:24,May,2018,00:26:24,00:26:24,,1000
330,140,Аршинова Екатерина,Ж,,00:26:41,May,2018,00:26:41,00:26:41,,1000
342,145,Кукушкина Ксения,Ж,,00:27:05,May,2018,00:27:05,00:27:05,,1000
341,146,Шеховцова Светлана,Ж,,00:27:05,May,2018,00:27:05,00:27:05,,1000
362,160,Демкина Екатерина,Ж,,00:27:53,May,2018,00:27:53,00:27:53,,1000
388,176,Ким Елена,Ж,,00:28:59,May,2018,00:28:59,00:28:59,,1000
393,178,Бочарова Татьяна,Ж,,00:29:08,May,2018,00:32:50,00:32:50,,1000
420,193,Тямкова Женя,Ж,,00:30:38,May,2018,00:31:10,00:31:10,,1000
424,197,Рябко Виолетта,Ж,,00:30:56,May,2018,00:30:56,00:30:56,,1000
430,201,Брылякова Анна,Ж,,00:31:09,May,2018,00:31:09,00:31:09,,1000
445,210,Позднякова Евгения,Ж,,00:32:03,May,2018,00:32:03,00:32:03,,1000
459,221,Газизянова Алсу,Ж,,00:33:59,May,2018,00:33:59,00:33:59,,1000
81,24,Гоготова Мария,Ж,,00:20:32,June,2018,00:20:50,00:20:50,,1000
141,42,Дайнеко Оксана,Ж,,00:22:14,June,2018,00:22:14,00:22:14,,1000
146,44,Крижановская Наталья,Ж,,00:22:22,June,2018,00:22:22,00:22:22,,1000
147,45,Портыко Евгения,Ж,,00:22:22,June,2018,00:22:22,00:22:22,,1000
150,46,Думенкова Елена,Ж,,00:22:24,June,2018,00:22:24,00:22:24,,1000
164,50,Прядкина Наталья,Ж,,00:22:38,June,2018,00:22:38,00:22:38,,1000
193,62,Шайхутдинова Эльвира,Ж,,00:23:15,June,2018,00:23:15,00:23:15,,1000
205,68,Трегубова Ольга,Ж,,00:23:29,June,2018,00:28:40,00:28:40,,1000
232,84,Велегура Елена,Ж,,00:23:54,June,2018,00:23:54,00:23:54,,1000
235,86,Раднаева Евгения,Ж,,00:23:57,June,2018,00:23:57,00:23:57,,1000
245,91,Цивилева Наталья,Ж,,00:24:12,June,2018,00:24:12,00:24:12,,1000
246,92,Клепинина Ольга,Ж,,00:24:12,June,2018,00:24:12,00:24:12,,1000
249,93,Фролова Ирина,Ж,,00:24:19,June,2018,00:24:19,00:24:19,,1000
304,122,Рязанова Алена,Ж,,00:26:03,June,2018,00:26:03,00:26:03,,1000
316,128,Волошко Алена,Ж,,00:26:17,June,2018,00:26:17,00:26:17,,1000
326,136,Петрова Ирина,Ж,,00:26:29,June,2018,00:26:29,00:26:29,,1000
337,142,Хабарова Екатерина,Ж,,00:26:58,June,2018,00:26:58,00:26:58,,1000
353,154,Исалиева Мария,Ж,,00:27:35,June,2018,00:27:35,00:27:35,,1000
377,169,Старкова Татьяна,Ж,,00:28:19,June,2018,00:28:19,00:28:19,,1000
387,175,Волкова Анна,Ж,,00:28:46,June,2018,00:28:46,00:28:46,,1000
391,177,Файчук Александра,Ж,,00:29:05,June,2018,00:29:05,00:29:05,,1000
393,178,Бочарова Татьяна,Ж,,00:29:08,June,2018,00:29:22,00:29:22,,1000
394,179,Комина Мария,Ж,,00:29:11,June,2018,00:29:11,00:29:11,,1000
425,198,Илатовская Ирина,Ж,,00:30:58,June,2018,00:30:58,00:30:58,,1000
431,202,Доля Александра,Ж,,00:31:12,June,2018,00:31:12,00:31:12,,1000
455,218,Губарева Екатерина,Ж,,00:33:35,June,2018,00:33:35,00:33:35,,1000
464,224,Грачева Алена,Ж,,00:34:40,June,2018,00:34:40,00:34:40,,1000
469,227,Конвего Кристина,Ж,,00:35:17,June,2018,00:35:17,00:35:17,,1000
470,228,Исмагилова Елена,Ж,,00:35:53,June,2018,00:35:53,00:35:53,,1000
473,231,Салихова Алла,Ж,,00:36:19,June,2018,00:36:19,00:36:19,,1000
67,21,Балакшина Анна,Ж,,00:20:07,July,2018,00:20:07,00:20:07,,1000
105,29,Прогонова Евгения,Ж,,00:21:03,July,2018,00:22:44,00:22:44,,1000
133,39,Тагунова Майя,Ж,,00:22:05,July,2018,00:23:42,00:23:42,,1000
214,74,Денисова Рина,Ж,,00:23:36,July,2018,00:32:49,00:32:49,,1000
282,110,Соколова Екатерина,Ж,,00:25:14,July,2018,00:25:14,00:25:14,,1000
292,116,Галкина Надежда,Ж,,00:25:40,July,2018,00:29:32,00:29:32,,1000
295,117,Балтер Екатерина,Ж,,00:25:46,July,2018,00:25:46,00:25:46,,1000
297,118,Ильина Елена,Ж,,00:25:48,July,2018,00:25:48,00:25:48,,1000
472,230,Василенко Анна,Ж,,00:36:11,July,2018,00:36:11,00:36:11,,1000
130,37,Напорова Светлана,Ж,,00:21:59,September,2018,00:23:29,00:23:29,,1000
131,38,Терехова Дарья,Ж,,00:22:04,September,2018,00:22:04,00:22:04,,1000
133,39,Тагунова Майя,Ж,,00:22:05,September,2018,00:22:05,00:22:05,,1000
168,52,Дягилева Ирина,Ж,,00:22:46,September,2018,00:22:46,00:22:46,,1000
195,64,Сучкова Екатерина,Ж,,00:23:19,September,2018,00:23:19,00:23:19,,1000
220,78,Костикова Елена,Ж,,00:23:40,September,2018,00:24:32,00:24:32,,1000
229,83,Воинова Екатерина,Ж,,00:23:50,September,2018,00:23:50,00:23:50,,1000
234,85,Ольховая Ксения,Ж,,00:23:57,September,2018,00:23:57,00:23:57,,1000
244,90,Бозина Алиса,Ж,,00:24:10,September,2018,00:24:10,00:24:10,,1000
257,97,Полубояринова Елена,Ж,,00:24:32,September,2018,00:24:32,00:24:32,,1000
256,98,Крамаренко Наталия,Ж,,00:24:32,September,2018,00:27:52,00:27:52,,1000
277,107,Круглякова Ирина,Ж,,00:25:06,September,2018,00:27:37,00:27:37,,1000
292,116,Галкина Надежда,Ж,,00:25:40,September,2018,00:25:40,00:25:40,,1000
302,121,Агеева Алена,Ж,,00:25:53,September,2018,00:26:58,00:26:58,,1000
306,123,Соболева Ольга,Ж,,00:26:04,September,2018,00:30:33,00:30:33,,1000
307,124,Ефимкина Светлана,Ж,,00:26:05,September,2018,00:26:05,00:26:05,,1000
313,127,Лишик Ольга,Ж,,00:26:13,September,2018,00:26:13,00:26:13,,1000
317,129,Кнутова Анна,Ж,,00:26:20,September,2018,00:26:20,00:26:20,,1000
333,141,Мельникова Кристина,Ж,,00:26:43,September,2018,00:26:43,00:26:43,,1000
339,143,Милосердова Светлана,Ж,,00:27:02,September,2018,00:28:49,00:28:49,,1000
348,151,Обжелян Екатерина,Ж,,00:27:28,September,2018,00:27:28,00:27:28,,1000
367,164,Бадаева Роза,Ж,,00:28:04,September,2018,00:28:04,00:28:04,,1000
405,184,Недостоева Екатерина,Ж,,00:29:36,September,2018,00:29:36,00:29:36,,1000
409,186,Игошина Елена,Ж,,00:29:46,September,2018,00:29:46,00:29:46,,1000
410,187,Чушкина Аида,Ж,,00:29:47,September,2018,00:29:47,00:29:47,,1000
411,188,Постнова Агата,Ж,,00:29:49,September,2018,00:29:49,00:29:49,,1000
416,190,Янкина Анастасия,Ж,,00:30:05,September,2018,00:30:05,00:30:05,,1000
438,207,Терехова Екатерина,Ж,,00:31:26,September,2018,00:31:26,00:31:26,,1000
439,208,Слизова Надежда,Ж,,00:31:27,September,2018,00:36:53,00:36:53,,1000
130,37,Напорова Светлана,Ж,,00:21:59,October,2018,00:22:28,00:22:28,,1000
173,53,Симонтакки Мона,Ж,,00:22:52,October,2018,00:22:52,00:22:52,,1000
205,68,Трегубова Ольга,Ж,,00:23:29,October,2018,00:23:29,00:23:29,,1000
220,78,Костикова Елена,Ж,,00:23:40,October,2018,00:23:40,00:23:40,,1000
256,98,Крамаренко Наталия,Ж,,00:24:32,October,2018,00:24:32,00:24:32,,1000
265,102,Сомова Ольга,Ж,,00:24:48,October,2018,00:24:53,00:24:53,,1000
272,105,Пивоварова Марьяна,Ж,,00:25:01,October,2018,00:25:01,00:25:01,,1000
275,106,Лебедева Мария,Ж,,00:25:05,October,2018,00:27:27,00:27:27,,1000
279,108,Валеева Эльвира,Ж,,00:25:10,October,2018,00:25:10,00:25:10,,1000
283,111,Бодрова Анастасия,Ж,,00:25:14,October,2018,00:26:27,00:26:27,,1000
319,130,Амелина Ирина,Ж,,00:26:21,October,2018,00:26:21,00:26:21,,1000
320,131,Митина Наталья,Ж,,00:26:22,October,2018,00:26:22,00:26:22,,1000
321,132,Виноградова Виктория,Ж,,00:26:24,October,2018,00:27:24,00:27:24,,1000
328,138,Горячева Евгения,Ж,,00:26:35,October,2018,00:26:35,00:26:35,,1000
329,139,Буренко Любовь,Ж,,00:26:40,October,2018,00:26:40,00:26:40,,1000
339,143,Милосердова Светлана,Ж,,00:27:02,October,2018,00:27:02,00:27:02,,1000
343,147,Моргось Дарья,Ж,,00:27:09,October,2018,00:27:09,00:27:09,,1000
351,153,Катышева Дарья,Ж,,00:27:32,October,2018,00:27:32,00:27:32,,1000
360,159,Вольфман Анна,Ж,,00:27:50,October,2018,00:30:39,00:30:39,,1000
371,165,Лапина Анна,Ж,,00:28:06,October,2018,00:28:06,00:28:06,,1000
417,191,Цицюрская Мария,Ж,,00:30:07,October,2018,00:30:07,00:30:07,,1000
419,192,Трофименко Маргарита,Ж,,00:30:16,October,2018,00:30:16,00:30:16,,1000
422,195,Ватбольская Алена,Ж,,00:30:40,October,2018,00:30:40,00:30:40,,1000
439,208,Слизова Надежда,Ж,,00:31:27,October,2018,00:31:27,00:31:27,,1000
447,213,Розяева Александра,Ж,,00:32:16,October,2018,00:32:16,00:32:16,,1000
460,222,Хабибрахманова Джамиля,Ж,,00:34:08,October,2018,00:34:08,00:34:08,,1000
475,233,Татулова Марина,Ж,,00:36:57,October,2018,00:36:57,00:36:57,,1000
130,37,Напорова Светлана,Ж,,00:21:59,November,2018,00:21:59,00:21:59,,1000
153,47,Дырова Кристина,Ж,,00:22:25,November,2018,00:22:25,00:22:25,,1000
194,63,Мамедова Рада,Ж,,00:23:16,November,2018,00:23:16,00:23:16,,1000
205,68,Трегубова Ольга,Ж,,00:23:29,November,2018,00:23:45,00:23:45,,1000
213,73,Хлебникова Елена,Ж,,00:23:34,November,2018,00:25:31,00:25:31,,1000
214,74,Денисова Рина,Ж,,00:23:36,November,2018,00:24:11,00:24:11,,1000
216,76,Кузнецова Анна,Ж,,00:23:38,November,2018,00:25:19,00:25:19,,1000
252,95,Бирюкова Дарья,Ж,,00:24:28,November,2018,00:24:28,00:24:28,,1000
277,107,Круглякова Ирина,Ж,,00:25:06,November,2018,00:25:06,00:25:06,,1000
283,111,Бодрова Анастасия,Ж,,00:25:14,November,2018,00:25:14,00:25:14,,1000
288,113,Суенкова Анастасия,Ж,,00:25:20,November,2018,00:25:40,00:25:40,,1000
302,121,Агеева Алена,Ж,,00:25:53,November,2018,00:25:53,00:25:53,,1000
306,123,Соболева Ольга,Ж,,00:26:04,November,2018,00:26:04,00:26:04,,1000
308,125,Чечурина Надежда,Ж,,00:26:08,November,2018,00:26:08,00:26:08,,1000
321,132,Виноградова Виктория,Ж,,00:26:24,November,2018,00:26:24,00:26:24,,1000
345,148,Дунаева Александра,Ж,,00:27:17,November,2018,00:27:17,00:27:17,,1000
360,159,Вольфман Анна,Ж,,00:27:50,November,2018,00:27:50,00:27:50,,1000
383,173,Эртуганова Наталья,Ж,,00:28:32,November,2018,00:28:32,00:28:32,,1000
405,184,Недостоева Екатерина,Ж,,00:29:36,November,2018,00:30:57,00:30:57,,1000
413,189,Скоромнова Мария,Ж,,00:29:57,November,2018,00:33:15,00:33:15,,1000
419,192,Трофименко Маргарита,Ж,,00:30:16,November,2018,00:30:29,00:30:29,,1000
434,204,Лукьяненко Анастасия,Ж,,00:31:15,November,2018,00:31:15,00:31:15,,1000
442,209,Домокурова Марина,Ж,,00:31:40,November,2018,00:31:40,00:31:40,,1000
446,211,Ковалева Мария,Ж,,00:32:07,November,2018,00:32:07,00:32:07,,1000
448,212,Куликова Мария,Ж,,00:32:16,November,2018,00:32:16,00:32:16,,1000
480,235,Соловьева Юлия,Ж,,00:42:02,November,2018,00:42:02,00:42:02,,1000
105,29,Прогонова Евгения,Ж,,00:21:03,December,2018,00:21:03,00:21:03,,1000
130,37,Напорова Светлана,Ж,,00:21:59,December,2018,00:22:26,00:22:26,,1000
183,60,Фролова Анна,Ж,,00:23:01,December,2018,00:23:01,00:23:01,,1000
190,61,Середкина Дина,Ж,,00:23:13,December,2018,00:23:13,00:23:13,,1000
213,73,Хлебникова Елена,Ж,,00:23:34,December,2018,00:23:34,00:23:34,,1000
214,74,Денисова Рина,Ж,,00:23:36,December,2018,00:23:36,00:23:36,,1000
225,81,Ковальчук Юлия,Ж,,00:23:45,December,2018,00:23:45,00:23:45,,1000
262,99,Лифаничева Татьяна,Ж,,00:24:38,December,2018,00:24:38,00:24:38,,1000
265,102,Сомова Ольга,Ж,,00:24:48,December,2018,00:24:48,00:24:48,,1000
275,106,Лебедева Мария,Ж,,00:25:05,December,2018,00:25:05,00:25:05,,1000
288,113,Суенкова Анастасия,Ж,,00:25:20,December,2018,00:25:20,00:25:20,,1000
299,119,Бузилова Анна,Ж,,00:25:50,December,2018,00:25:50,00:25:50,,1000
349,152,Делидова Екатерина,Ж,,00:27:30,December,2018,00:27:30,00:27:30,,1000
354,155,Кудрявцева Наталья,Ж,,00:27:37,December,2018,00:27:37,00:27:37,,1000
375,167,Зверкова Виктория,Ж,,00:28:14,December,2018,00:28:14,00:28:14,,1000
381,171,Иванова Светлана,Ж,,00:28:30,December,2018,00:28:30,00:28:30,,1000
402,182,Втюрина Анна,Ж,,00:29:26,December,2018,00:29:26,00:29:26,,1000
413,189,Скоромнова Мария,Ж,,00:29:57,December,2018,00:29:57,00:29:57,,1000
432,203,Извекова Кристина,Ж,,00:31:14,December,2018,00:31:14,00:31:14,,1000
435,205,Чачко Агата,Ж,,00:31:18,December,2018,00:31:18,00:31:18,,1000
436,206,Чепова Екатерина,Ж,,00:31:23,December,2018,00:31:23,00:31:23,,1000
481,236,Довгань Елена,Ж,,00:49:47,December,2018,00:49:47,00:49:47,,1000
30,6,Молчанова Лариса,Ж,SUB20,00:18:29,January,2018,00:20:07,00:20:07,sub20,1000
45,12,Бондаренко Галина,Ж,SUB20,00:19:15,January,2018,00:21:54,00:21:54,sub20,1000
59,18,Шелегова Елена,Ж,SUB20,00:19:49,January,2018,00:21:04,00:21:04,sub20,1000
32,7,Хабазова Маргарита,Ж,SUB20,00:18:44,February,2018,00:18:44,00:18:44,sub20,1000
37,8,Хрулева Елена,Ж,SUB20,00:18:55,February,2018,00:18:55,00:18:55,sub20,1000
56,16,Вивчарук Карина,Ж,SUB20,00:19:44,February,2018,00:20:00,00:20:00,sub20,1000
59,18,Шелегова Елена,Ж,SUB20,00:19:49,February,2018,00:20:41,00:20:41,sub20,1000
3,1,Палкина Анна,Ж,SUB20,00:15:56,March,2018,00:18:57,00:18:57,sub20,1000
5,2,Сидорова Екатерина,Ж,SUB20,00:16:20,March,2018,00:17:54,00:17:54,sub20,1000
17,4,Астахова Мария,Ж,SUB20,00:17:22,March,2018,00:17:54,00:17:54,sub20,1000
22,5,Подольская Кристина,Ж,SUB20,00:17:53,March,2018,00:19:00,00:19:00,sub20,1000
30,6,Молчанова Лариса,Ж,SUB20,00:18:29,March,2018,00:18:35,00:18:35,sub20,1000
38,9,Романец Ольга,Ж,SUB20,00:18:56,March,2018,00:18:56,00:18:56,sub20,1000
41,10,Савченко Светлана,Ж,SUB20,00:19:05,March,2018,00:19:05,00:19:05,sub20,1000
44,11,Ехтарян Виктория,Ж,SUB20,00:19:10,March,2018,00:21:15,00:21:15,sub20,1000
45,12,Бондаренко Галина,Ж,SUB20,00:19:15,March,2018,00:23:00,00:23:00,sub20,1000
46,13,Громова Анна,Ж,SUB20,00:19:16,March,2018,00:23:35,00:23:35,sub20,1000
49,14,Суббот Юля,Ж,SUB20,00:19:19,March,2018,00:19:19,00:19:19,sub20,1000
59,18,Шелегова Елена,Ж,SUB20,00:19:49,March,2018,00:21:23,00:21:23,sub20,1000
3,1,Палкина Анна,Ж,SUB20,00:15:56,April,2018,00:17:48,00:17:48,sub20,1000
5,2,Сидорова Екатерина,Ж,SUB20,00:16:20,April,2018,00:16:20,00:16:20,sub20,1000
17,4,Астахова Мария,Ж,SUB20,00:17:22,April,2018,00:17:22,00:17:22,sub20,1000
22,5,Подольская Кристина,Ж,SUB20,00:17:53,April,2018,00:17:53,00:17:53,sub20,1000
30,6,Молчанова Лариса,Ж,SUB20,00:18:29,April,2018,00:18:57,00:18:57,sub20,1000
44,11,Ехтарян Виктория,Ж,SUB20,00:19:10,April,2018,00:20:32,00:20:32,sub20,1000
45,12,Бондаренко Галина,Ж,SUB20,00:19:15,April,2018,00:21:37,00:21:37,sub20,1000
46,13,Громова Анна,Ж,SUB20,00:19:16,April,2018,00:20:59,00:20:59,sub20,1000
52,15,Обухова Снежана,Ж,SUB20,00:19:31,April,2018,00:21:30,00:21:30,sub20,1000
56,16,Вивчарук Карина,Ж,SUB20,00:19:44,April,2018,00:19:44,00:19:44,sub20,1000
3,1,Палкина Анна,Ж,SUB20,00:15:56,May,2018,00:17:20,00:17:20,sub20,1000
15,3,Астахова Марина,Ж,SUB20,00:17:14,May,2018,00:17:14,00:17:14,sub20,1000
30,6,Молчанова Лариса,Ж,SUB20,00:18:29,May,2018,00:18:29,00:18:29,sub20,1000
44,11,Ехтарян Виктория,Ж,SUB20,00:19:10,May,2018,00:19:10,00:19:10,sub20,1000
45,12,Бондаренко Галина,Ж,SUB20,00:19:15,May,2018,00:21:17,00:21:17,sub20,1000
46,13,Громова Анна,Ж,SUB20,00:19:16,May,2018,00:19:16,00:19:16,sub20,1000
52,15,Обухова Снежана,Ж,SUB20,00:19:31,May,2018,00:22:38,00:22:38,sub20,1000
59,18,Шелегова Елена,Ж,SUB20,00:19:49,May,2018,00:19:49,00:19:49,sub20,1000
3,1,Палкина Анна,Ж,SUB20,00:15:56,June,2018,00:16:47,00:16:47,sub20,1000
45,12,Бондаренко Галина,Ж,SUB20,00:19:15,June,2018,00:19:15,00:19:15,sub20,1000
52,15,Обухова Снежана,Ж,SUB20,00:19:31,June,2018,00:19:31,00:19:31,sub20,1000
57,17,Харитонова Алена,Ж,SUB20,00:19:47,September,2018,00:19:47,00:19:47,sub20,1000
3,1,Палкина Анна,Ж,SUB20,00:15:56,December,2018,00:15:56,00:15:56,sub20,1000
30,6,Молчанова Лариса,Ж,SUB20,00:18:29,December,2018,00:18:55,00:18:55,sub20,1000
68,47,Ангел Антон,М,,00:20:11,January,2018,00:23:37,00:23:37,,1000
73,51,Миронычев Павел,М,,00:20:17,January,2018,00:20:17,00:20:17,,1000
82,58,Гавришин Вячеслав,М,,00:20:33,January,2018,00:20:33,00:20:33,,1000
87,62,Бессолов Владимир,М,,00:20:40,January,2018,00:20:40,00:20:40,,1000
90,65,Романов Михаил,М,,00:20:45,January,2018,00:24:21,00:24:21,,1000
92,67,Рудометкин Егор,М,,00:20:46,January,2018,00:20:46,00:20:46,,1000
97,71,Зарифуллов Ренат,М,,00:20:56,January,2018,00:20:56,00:20:56,,1000
98,72,Киреев Виктор,М,,00:20:56,January,2018,00:22:11,00:22:11,,1000
106,77,Тимошилов Дмитрий,М,,00:21:04,January,2018,00:33:03,00:33:03,,1000
117,84,Михайлин Константин,М,,00:21:29,January,2018,00:24:55,00:24:55,,1000
148,103,Каменцев Владимир,М,,00:22:23,January,2018,00:22:23,00:22:23,,1000
151,105,Поликарпов Константин,М,,00:22:24,January,2018,00:22:24,00:22:24,,1000
178,122,Варфаламеев Сергей,М,,00:22:57,January,2018,00:22:57,00:22:57,,1000
239,152,Храмов Дмитрий,М,,00:24:05,January,2018,00:24:05,00:24:05,,1000
243,154,Куприянов Максим,М,,00:24:10,January,2018,00:24:10,00:24:10,,1000
253,158,Ганин Александр,М,,00:24:30,January,2018,00:24:30,00:24:30,,1000
259,161,Соколов Олег,М,,00:24:34,January,2018,00:24:34,00:24:34,,1000
276,169,Колесниченко Сергей,М,,00:25:05,January,2018,00:25:05,00:25:05,,1000
334,193,Седых Борис,М,,00:26:49,January,2018,00:26:49,00:26:49,,1000
361,202,Паремузян Рафаэл,М,,00:27:50,January,2018,00:27:50,00:27:50,,1000
461,239,Шалимов Александр,М,,00:34:12,January,2018,00:34:12,00:34:12,,1000
74,52,Захаров Георгий,М,,00:20:19,February,2018,00:24:59,00:24:59,,1000
78,55,Дозоров Станислав,М,,00:20:27,February,2018,00:20:27,00:20:27,,1000
88,63,Савченков Леонид,М,,00:20:41,February,2018,00:20:41,00:20:41,,1000
90,65,Романов Михаил,М,,00:20:45,February,2018,00:23:09,00:23:09,,1000
103,74,Мустафин Ильдар,М,,00:21:00,February,2018,00:21:00,00:21:00,,1000
129,93,Михайловский Петр,М,,00:21:57,February,2018,00:21:57,00:21:57,,1000
166,116,Сиротинкин Павел,М,,00:22:43,February,2018,00:23:53,00:23:53,,1000
179,123,Шаров Александр,М,,00:22:58,February,2018,00:22:58,00:22:58,,1000
314,186,Ярмомедов Игорь,М,,00:26:13,February,2018,00:26:13,00:26:13,,1000
312,187,Брагин Сергей,М,,00:26:13,February,2018,00:26:13,00:26:13,,1000
315,188,Раевский Александр,М,,00:26:14,February,2018,00:26:14,00:26:14,,1000
344,197,Ножов Сергей,М,,00:27:16,February,2018,00:27:16,00:27:16,,1000
355,200,Царегородцев Антон,М,,00:27:40,February,2018,00:27:40,00:27:40,,1000
357,201,Горбунов Андрей,М,,00:27:44,February,2018,00:27:44,00:27:44,,1000
390,214,Шухарт Павел,М,,00:29:04,February,2018,00:29:04,00:29:04,,1000
396,216,Маслов Дмитрий,М,,00:29:13,February,2018,00:29:13,00:29:13,,1000
428,229,Разумовский Дмитрий,М,,00:31:08,February,2018,00:31:08,00:31:08,,1000
440,232,Грицюк Александр,М,,00:31:30,February,2018,00:31:30,00:31:30,,1000
63,45,Глаголев Станислав,М,,00:20:04,March,2018,00:20:04,00:20:04,,1000
68,47,Ангел Антон,М,,00:20:11,March,2018,00:22:44,00:22:44,,1000
72,50,Попов Ярослав,М,,00:20:14,March,2018,00:21:58,00:21:58,,1000
77,54,Захаров Леонид,М,,00:20:24,March,2018,00:22:08,00:22:08,,1000
79,56,Макаров Алексей,М,,00:20:28,March,2018,00:22:40,00:22:40,,1000
90,65,Романов Михаил,М,,00:20:45,March,2018,00:20:45,00:20:45,,1000
96,70,Шебалков Михаил,М,,00:20:53,March,2018,00:20:53,00:20:53,,1000
102,75,Наумов Станислав,М,,00:21:00,March,2018,00:23:04,00:23:04,,1000
104,76,Шафранский Владимир,М,,00:21:03,March,2018,00:22:27,00:22:27,,1000
109,80,Серазетдинов Руслан,М,,00:21:06,March,2018,00:22:30,00:22:30,,1000
110,81,Петров Евгений,М,,00:21:07,March,2018,00:23:15,00:23:15,,1000
114,82,Ханин Евгений,М,,00:21:21,March,2018,00:21:21,00:21:21,,1000
115,83,Львов Юрий,М,,00:21:28,March,2018,00:23:22,00:23:22,,1000
116,85,Веретельник Антон,М,,00:21:29,March,2018,00:22:26,00:22:26,,1000
119,86,Сакович Иван,М,,00:21:31,March,2018,00:24:14,00:24:14,,1000
122,87,Дегтярев Денис,М,,00:21:33,March,2018,00:23:03,00:23:03,,1000
123,88,Матюк Владимир,М,,00:21:35,March,2018,00:21:35,00:21:35,,1000
125,90,Страхов Сергей,М,,00:21:45,March,2018,00:22:40,00:22:40,,1000
126,92,Гордеев Александр,М,,00:21:48,March,2018,00:25:30,00:25:30,,1000
138,97,Выголов Константин,М,,00:22:11,March,2018,00:25:22,00:25:22,,1000
143,100,Соколовский Михаил,М,,00:22:17,March,2018,00:22:56,00:22:56,,1000
144,101,Сафиуллин Артур,М,,00:22:20,March,2018,00:25:53,00:25:53,,1000
145,102,Голозуб Константин,М,,00:22:22,March,2018,00:25:24,00:25:24,,1000
149,104,Нигматуллин Ринат,М,,00:22:24,March,2018,00:22:24,00:22:24,,1000
154,106,Мифтахов Нариман,М,,00:22:27,March,2018,00:22:27,00:22:27,,1000
155,107,Родионов Евгений,М,,00:22:27,March,2018,00:24:29,00:24:29,,1000
159,110,Нелюбов Дмитрий,М,,00:22:32,March,2018,00:22:32,00:22:32,,1000
160,112,Хохлов Андрей,М,,00:22:34,March,2018,00:24:03,00:24:03,,1000
170,117,Дуров Артем,М,,00:22:48,March,2018,00:26:51,00:26:51,,1000
196,132,Леонов Михаил,М,,00:23:19,March,2018,00:23:19,00:23:19,,1000
200,134,Ильяшенко Андрей,М,,00:23:26,March,2018,00:23:26,00:23:26,,1000
226,144,Кузнецов Дмитрий,М,,00:23:47,March,2018,00:23:47,00:23:47,,1000
228,146,Капралов Дмитрий,М,,00:23:49,March,2018,00:23:49,00:23:49,,1000
237,150,Васюков Илья,М,,00:23:59,March,2018,00:23:59,00:23:59,,1000
248,156,Иванов Кирилл,М,,00:24:15,March,2018,00:26:59,00:26:59,,1000
254,159,Дубровин Денис,М,,00:24:30,March,2018,00:24:43,00:24:43,,1000
261,163,Попов Константин,М,,00:24:38,March,2018,00:24:38,00:24:38,,1000
268,165,Прокофьев Иван,М,,00:24:52,March,2018,00:24:52,00:24:52,,1000
274,170,Сычев Михаил,М,,00:25:05,March,2018,00:25:14,00:25:14,,1000
286,174,Замоторин Павел,М,,00:25:20,March,2018,00:25:20,00:25:20,,1000
293,178,Иванов Иван,М,,00:25:40,March,2018,00:25:40,00:25:40,,1000
303,182,Минвалеев Артур,М,,00:25:53,March,2018,00:25:53,00:25:53,,1000
309,184,Чельникин Сергей,М,,00:26:09,March,2018,00:26:47,00:26:47,,1000
318,189,Самошкин Алексей,М,,00:26:21,March,2018,00:26:21,00:26:21,,1000
366,203,Филоненко Константин,М,,00:28:01,March,2018,00:28:01,00:28:01,,1000
399,218,Шашелов Дмитрий,М,,00:29:22,March,2018,00:29:22,00:29:22,,1000
400,219,Бекмирзаев Эркин,М,,00:29:25,March,2018,00:31:59,00:31:59,,1000
433,230,Пресняков Владислав,М,,00:31:15,March,2018,00:31:15,00:31:15,,1000
437,231,Мхитарян Давид,М,,00:31:24,March,2018,00:31:24,00:31:24,,1000
64,46,Салихов Артур,М,,00:20:04,April,2018,00:24:36,00:24:36,,1000
68,47,Ангел Антон,М,,00:20:11,April,2018,00:20:11,00:20:11,,1000
77,54,Захаров Леонид,М,,00:20:24,April,2018,00:20:33,00:20:33,,1000
80,57,Рудаев Евгений,М,,00:20:31,April,2018,00:20:31,00:20:31,,1000
90,65,Романов Михаил,М,,00:20:45,April,2018,00:21:44,00:21:44,,1000
95,69,Коновалов Сергей,М,,00:20:52,April,2018,00:20:52,00:20:52,,1000
98,72,Киреев Виктор,М,,00:20:56,April,2018,00:21:48,00:21:48,,1000
99,73,Морозов Дмитрий,М,,00:20:57,April,2018,00:28:48,00:28:48,,1000
102,75,Наумов Станислав,М,,00:21:00,April,2018,00:21:00,00:21:00,,1000
104,76,Шафранский Владимир,М,,00:21:03,April,2018,00:21:03,00:21:03,,1000
108,78,Мацнев Сергей,М,,00:21:05,April,2018,00:21:05,00:21:05,,1000
107,79,Денисов Антон,М,,00:21:05,April,2018,00:22:31,00:22:31,,1000
110,81,Петров Евгений,М,,00:21:07,April,2018,00:21:07,00:21:07,,1000
115,83,Львов Юрий,М,,00:21:28,April,2018,00:22:07,00:22:07,,1000
117,84,Михайлин Константин,М,,00:21:29,April,2018,00:21:57,00:21:57,,1000
116,85,Веретельник Антон,М,,00:21:29,April,2018,00:21:29,00:21:29,,1000
125,90,Страхов Сергей,М,,00:21:45,April,2018,00:21:50,00:21:50,,1000
127,91,Бакин Вадим,М,,00:21:48,April,2018,00:21:48,00:21:48,,1000
132,94,Костев Константин,М,,00:22:04,April,2018,00:22:04,00:22:04,,1000
138,97,Выголов Константин,М,,00:22:11,April,2018,00:22:43,00:22:43,,1000
140,99,Емельяненков Александр,М,,00:22:14,April,2018,00:24:49,00:24:49,,1000
144,101,Сафиуллин Артур,М,,00:22:20,April,2018,00:24:10,00:24:10,,1000
155,107,Родионов Евгений,М,,00:22:27,April,2018,00:22:50,00:22:50,,1000
156,108,Сотников Дмитрий,М,,00:22:29,April,2018,00:22:29,00:22:29,,1000
160,112,Хохлов Андрей,М,,00:22:34,April,2018,00:22:34,00:22:34,,1000
170,117,Дуров Артем,М,,00:22:48,April,2018,00:22:48,00:22:48,,1000
202,135,Королев Михаил,М,,00:23:27,April,2018,00:23:27,00:23:27,,1000
248,156,Иванов Кирилл,М,,00:24:15,April,2018,00:26:55,00:26:55,,1000
254,159,Дубровин Денис,М,,00:24:30,April,2018,00:24:30,00:24:30,,1000
274,170,Сычев Михаил,М,,00:25:05,April,2018,00:25:05,00:25:05,,1000
285,173,Боярский Станислав,М,,00:25:19,April,2018,00:25:19,00:25:19,,1000
289,175,Миронов Андрей,М,,00:25:20,April,2018,00:25:20,00:25:20,,1000
309,184,Чельникин Сергей,М,,00:26:09,April,2018,00:26:09,00:26:09,,1000
310,185,Микуленко Сергей,М,,00:26:12,April,2018,00:27:51,00:27:51,,1000
323,190,Виноградов Андрей,М,,00:26:26,April,2018,00:26:26,00:26:26,,1000
334,193,Седых Борис,М,,00:26:49,April,2018,00:28:47,00:28:47,,1000
352,199,Белов Александр,М,,00:27:35,April,2018,00:27:35,00:27:35,,1000
380,210,Киселев Андрей,М,,00:28:25,April,2018,00:28:25,00:28:25,,1000
401,220,Гринцюк Александр,М,,00:29:26,April,2018,00:29:26,00:29:26,,1000
412,224,Кузьмич Юрий,М,,00:29:50,April,2018,00:31:39,00:31:39,,1000
64,46,Салихов Артур,М,,00:20:04,May,2018,00:21:45,00:21:45,,1000
71,49,Польщиков Алексей,М,,00:20:13,May,2018,00:20:13,00:20:13,,1000
72,50,Попов Ярослав,М,,00:20:14,May,2018,00:20:14,00:20:14,,1000
77,54,Захаров Леонид,М,,00:20:24,May,2018,00:20:24,00:20:24,,1000
84,60,Малыхин Евдоким,М,,00:20:36,May,2018,00:20:36,00:20:36,,1000
90,65,Романов Михаил,М,,00:20:45,May,2018,00:21:26,00:21:26,,1000
98,72,Киреев Виктор,М,,00:20:56,May,2018,00:20:56,00:20:56,,1000
99,73,Морозов Дмитрий,М,,00:20:57,May,2018,00:24:14,00:24:14,,1000
106,77,Тимошилов Дмитрий,М,,00:21:04,May,2018,00:25:47,00:25:47,,1000
107,79,Денисов Антон,М,,00:21:05,May,2018,00:21:05,00:21:05,,1000
109,80,Серазетдинов Руслан,М,,00:21:06,May,2018,00:21:06,00:21:06,,1000
115,83,Львов Юрий,М,,00:21:28,May,2018,00:21:28,00:21:28,,1000
117,84,Михайлин Константин,М,,00:21:29,May,2018,00:21:29,00:21:29,,1000
116,85,Веретельник Антон,М,,00:21:29,May,2018,00:21:41,00:21:41,,1000
119,86,Сакович Иван,М,,00:21:31,May,2018,00:21:31,00:21:31,,1000
126,92,Гордеев Александр,М,,00:21:48,May,2018,00:23:41,00:23:41,,1000
134,95,Ажигиров Андрей,М,,00:22:06,May,2018,00:22:06,00:22:06,,1000
138,97,Выголов Константин,М,,00:22:11,May,2018,00:22:11,00:22:11,,1000
144,101,Сафиуллин Артур,М,,00:22:20,May,2018,00:23:55,00:23:55,,1000
145,102,Голозуб Константин,М,,00:22:22,May,2018,00:22:22,00:22:22,,1000
155,107,Родионов Евгений,М,,00:22:27,May,2018,00:23:30,00:23:30,,1000
161,111,Амиантов Сергей,М,,00:22:34,May,2018,00:25:22,00:25:22,,1000
160,112,Хохлов Андрей,М,,00:22:34,May,2018,00:23:14,00:23:14,,1000
191,131,Саркисов Вадим,М,,00:23:13,May,2018,00:23:13,00:23:13,,1000
200,134,Ильяшенко Андрей,М,,00:23:26,May,2018,00:23:38,00:23:38,,1000
203,136,Шустов Вячеслав,М,,00:23:27,May,2018,00:23:27,00:23:27,,1000
206,138,Головин Павел,М,,00:23:29,May,2018,00:23:29,00:23:29,,1000
233,149,Асатрян Армен,М,,00:23:55,May,2018,00:23:55,00:23:55,,1000
254,159,Дубровин Денис,М,,00:24:30,May,2018,00:25:25,00:25:25,,1000
310,185,Микуленко Сергей,М,,00:26:12,May,2018,00:27:37,00:27:37,,1000
335,194,Варламов Евгений,М,,00:26:52,May,2018,00:26:52,00:26:52,,1000
369,207,Канурный Андрей,М,,00:28:06,May,2018,00:28:06,00:28:06,,1000
400,219,Бекмирзаев Эркин,М,,00:29:25,May,2018,00:29:25,00:29:25,,1000
412,224,Кузьмич Юрий,М,,00:29:50,May,2018,00:29:50,00:29:50,,1000
454,237,Богданович Константин,М,,00:33:34,May,2018,00:33:34,00:33:34,,1000
64,46,Салихов Артур,М,,00:20:04,June,2018,00:21:10,00:21:10,,1000
68,47,Ангел Антон,М,,00:20:11,June,2018,00:20:12,00:20:12,,1000
79,56,Макаров Алексей,М,,00:20:28,June,2018,00:21:46,00:21:46,,1000
86,61,Трембицкий Вячеслав,М,,00:20:39,June,2018,00:20:39,00:20:39,,1000
106,77,Тимошилов Дмитрий,М,,00:21:04,June,2018,00:24:30,00:24:30,,1000
117,84,Михайлин Константин,М,,00:21:29,June,2018,00:21:51,00:21:51,,1000
116,85,Веретельник Антон,М,,00:21:29,June,2018,00:21:31,00:21:31,,1000
125,90,Страхов Сергей,М,,00:21:45,June,2018,00:21:45,00:21:45,,1000
126,92,Гордеев Александр,М,,00:21:48,June,2018,00:21:48,00:21:48,,1000
143,100,Соколовский Михаил,М,,00:22:17,June,2018,00:22:17,00:22:17,,1000
144,101,Сафиуллин Артур,М,,00:22:20,June,2018,00:22:20,00:22:20,,1000
155,107,Родионов Евгений,М,,00:22:27,June,2018,00:22:27,00:22:27,,1000
161,111,Амиантов Сергей,М,,00:22:34,June,2018,00:22:34,00:22:34,,1000
169,118,Копытин Павел,М,,00:22:48,June,2018,00:22:48,00:22:48,,1000
175,121,Муртазин Ильдар,М,,00:22:53,June,2018,00:22:53,00:22:53,,1000
188,128,Попов Игорь,М,,00:23:10,June,2018,00:23:10,00:23:10,,1000
231,148,Ковальчук Евгений,М,,00:23:52,June,2018,00:26:38,00:26:38,,1000
247,155,Карраск Михаил,М,,00:24:14,June,2018,00:24:14,00:24:14,,1000
271,166,Еськин Вадим,М,,00:25:01,June,2018,00:25:01,00:25:01,,1000
300,181,Кирик Илья,М,,00:25:52,June,2018,00:25:52,00:25:52,,1000
310,185,Микуленко Сергей,М,,00:26:12,June,2018,00:26:12,00:26:12,,1000
331,191,Рыбаков Сергей,М,,00:26:41,June,2018,00:26:41,00:26:41,,1000
336,195,Манюгин Вячеслав,М,,00:26:53,June,2018,00:26:53,00:26:53,,1000
350,198,Гуляев Олег,М,,00:27:32,June,2018,00:27:32,00:27:32,,1000
368,204,Шелухин Сергей,М,,00:28:05,June,2018,00:28:05,00:28:05,,1000
458,238,Данилов Роман,М,,00:33:54,June,2018,00:33:54,00:33:54,,1000
465,241,Кацуро Александр,М,,00:35:03,June,2018,00:35:03,00:35:03,,1000
139,98,Московкин Артем,М,,00:22:12,July,2018,00:22:12,00:22:12,,1000
184,124,Воробьев Илья,М,,00:23:01,July,2018,00:23:01,00:23:01,,1000
187,127,Кочетков Петр,М,,00:23:08,July,2018,00:23:08,00:23:08,,1000
230,147,Кондаков Николай,М,,00:23:51,July,2018,00:23:51,00:23:51,,1000
231,148,Ковальчук Евгений,М,,00:23:52,July,2018,00:23:52,00:23:52,,1000
260,162,Кочуков Александр,М,,00:24:36,July,2018,00:24:36,00:24:36,,1000
270,167,Утяшев Олег,М,,00:25:01,July,2018,00:25:01,00:25:01,,1000
397,217,Маренков Валерий,М,,00:29:17,July,2018,00:29:17,00:29:17,,1000
407,222,Карпов Руслан,М,,00:29:40,July,2018,00:29:40,00:29:40,,1000
64,46,Салихов Артур,М,,00:20:04,September,2018,00:20:04,00:20:04,,1000
69,48,Стрюков Дмитрий,М,,00:20:12,September,2018,00:20:12,00:20:12,,1000
79,56,Макаров Алексей,М,,00:20:28,September,2018,00:20:28,00:20:28,,1000
91,66,Калиновский Игорь,М,,00:20:45,September,2018,00:20:45,00:20:45,,1000
94,68,Сыроваров Данила,М,,00:20:50,September,2018,00:20:50,00:20:50,,1000
163,114,Сергеев Иван,М,,00:22:38,September,2018,00:24:25,00:24:25,,1000
166,116,Сиротинкин Павел,М,,00:22:43,September,2018,00:22:43,00:22:43,,1000
227,145,Ковпак Евгений,М,,00:23:48,September,2018,00:23:48,00:23:48,,1000
248,156,Иванов Кирилл,М,,00:24:15,September,2018,00:24:15,00:24:15,,1000
258,160,Кондрашин Евгений,М,,00:24:34,September,2018,00:24:34,00:24:34,,1000
294,177,Копылов Денис,М,,00:25:40,September,2018,00:28:26,00:28:26,,1000
298,180,Кузьмин Владислав,М,,00:25:49,September,2018,00:25:49,00:25:49,,1000
372,205,Слизов Алексей,М,,00:28:06,September,2018,00:30:31,00:30:31,,1000
389,213,Калитка Андрей,М,,00:28:59,September,2018,00:28:59,00:28:59,,1000
414,225,Салтыков Павел,М,,00:29:58,September,2018,00:29:58,00:29:58,,1000
418,227,Мартюшин Вячеслав,М,,00:30:11,September,2018,00:30:11,00:30:11,,1000
441,233,Байбаков Владислав,М,,00:31:39,September,2018,00:31:39,00:31:39,,1000
453,236,Каптагаев Алмас,М,,00:33:09,September,2018,00:33:09,00:33:09,,1000
463,240,Фадин Денис,М,,00:34:32,September,2018,00:34:32,00:34:32,,1000
467,242,Панов Иван,М,,00:35:11,September,2018,00:35:11,00:35:11,,1000
478,244,Литвак Александр,М,,00:40:39,September,2018,00:40:39,00:40:39,,1000
89,64,Журдан Вадим,М,,00:20:45,October,2018,00:20:45,00:20:45,,1000
106,77,Тимошилов Дмитрий,М,,00:21:04,October,2018,00:21:04,00:21:04,,1000
140,99,Емельяненков Александр,М,,00:22:14,October,2018,00:22:14,00:22:14,,1000
162,113,Дискин Михаил,М,,00:22:35,October,2018,00:22:35,00:22:35,,1000
165,115,Авраменко Петр,М,,00:22:42,October,2018,00:23:56,00:23:56,,1000
171,119,Зотов Юрий,М,,00:22:50,October,2018,00:23:24,00:23:24,,1000
221,141,Пестряков Дмитрий,М,,00:23:41,October,2018,00:24:08,00:24:08,,1000
224,143,Шулятников Дмитрий,М,,00:23:45,October,2018,00:23:45,00:23:45,,1000
227,145,Ковпак Евгений,М,,00:23:48,October,2018,00:23:51,00:23:51,,1000
242,153,Токарев Станислав,М,,00:24:10,October,2018,00:25:26,00:25:26,,1000
305,183,Метлов Дмитрий,М,,00:26:03,October,2018,00:26:03,00:26:03,,1000
332,192,Морозов Максим,М,,00:26:43,October,2018,00:26:55,00:26:55,,1000
338,196,Осокин Олег,М,,00:27:01,October,2018,00:27:01,00:27:01,,1000
372,205,Слизов Алексей,М,,00:28:06,October,2018,00:30:01,00:30:01,,1000
374,208,Ивин Сергей,М,,00:28:13,October,2018,00:28:13,00:28:13,,1000
392,215,Валеев Константин,М,,00:29:07,October,2018,00:29:07,00:29:07,,1000
408,223,Ефименко Денис,М,,00:29:44,October,2018,00:29:44,00:29:44,,1000
429,228,Агеев Иван,М,,00:31:08,October,2018,00:31:08,00:31:08,,1000
444,235,Маслюк Евгений,М,,00:31:50,October,2018,00:31:50,00:31:50,,1000
461,239,Шалимов Александр,М,,00:34:12,October,2018,00:40:28,00:40:28,,1000
477,243,Финогеев Роман,М,,00:39:52,October,2018,00:39:52,00:39:52,,1000
83,59,Асюнин Вячеслав,М,,00:20:35,November,2018,00:20:35,00:20:35,,1000
136,96,Столяр Вадим,М,,00:22:07,November,2018,00:22:07,00:22:07,,1000
163,114,Сергеев Иван,М,,00:22:38,November,2018,00:22:38,00:22:38,,1000
165,115,Авраменко Петр,М,,00:22:42,November,2018,00:22:42,00:22:42,,1000
171,119,Зотов Юрий,М,,00:22:50,November,2018,00:22:50,00:22:50,,1000
172,120,Вилков Михаил,М,,00:22:52,November,2018,00:22:52,00:22:52,,1000
189,129,Худавердиев Эмиль,М,,00:23:12,November,2018,00:23:12,00:23:12,,1000
192,130,Рухани Павел,М,,00:23:13,November,2018,00:23:13,00:23:13,,1000
197,133,Бочкарев Константин,М,,00:23:21,November,2018,00:23:21,00:23:21,,1000
211,140,Фигура Евгений,М,,00:23:34,November,2018,00:23:34,00:23:34,,1000
221,141,Пестряков Дмитрий,М,,00:23:41,November,2018,00:23:41,00:23:41,,1000
222,142,Куреннов Виталий,М,,00:23:44,November,2018,00:23:44,00:23:44,,1000
242,153,Токарев Станислав,М,,00:24:10,November,2018,00:24:10,00:24:10,,1000
266,164,Лыков Алексей,М,,00:24:50,November,2018,00:24:50,00:24:50,,1000
278,171,Дауров Евгений,М,,00:25:10,November,2018,00:25:10,00:25:10,,1000
290,176,Гвардейцев Павел,М,,00:25:28,November,2018,00:25:28,00:25:28,,1000
294,177,Копылов Денис,М,,00:25:40,November,2018,00:26:42,00:26:42,,1000
296,179,Коваленко Сергей,М,,00:25:47,November,2018,00:32:30,00:32:30,,1000
332,192,Морозов Максим,М,,00:26:43,November,2018,00:26:43,00:26:43,,1000
370,206,Еременко Алексей,М,,00:28:06,November,2018,00:28:06,00:28:06,,1000
384,211,Нуриев Ирек,М,,00:28:35,November,2018,00:28:35,00:28:35,,1000
389,213,Калитка Андрей,М,,00:28:59,November,2018,00:29:04,00:29:04,,1000
404,221,Кругликов Денис,М,,00:29:36,November,2018,00:29:36,00:29:36,,1000
415,226,Резвушкин Николай,М,,00:29:59,November,2018,00:29:59,00:29:59,,1000
74,52,Захаров Георгий,М,,00:20:19,December,2018,00:20:19,00:20:19,,1000
75,53,Начаркин Виталий,М,,00:20:20,December,2018,00:20:20,00:20:20,,1000
99,73,Морозов Дмитрий,М,,00:20:57,December,2018,00:20:57,00:20:57,,1000
122,87,Дегтярев Денис,М,,00:21:33,December,2018,00:21:33,00:21:33,,1000
124,89,Генералов Михаил,М,,00:21:39,December,2018,00:21:39,00:21:39,,1000
158,109,Кривко Артем,М,,00:22:31,December,2018,00:22:31,00:22:31,,1000
185,125,Чайка Дмитрий,М,,00:23:04,December,2018,00:23:04,00:23:04,,1000
186,126,Моисеев Никита,М,,00:23:06,December,2018,00:23:06,00:23:06,,1000
204,137,Кузовков Павел,М,,00:23:28,December,2018,00:23:28,00:23:28,,1000
207,139,Иванюшин Антон,М,,00:23:30,December,2018,00:23:30,00:23:30,,1000
238,151,Ротанков Владимир,М,,00:24:02,December,2018,00:24:02,00:24:02,,1000
250,157,Митин Антон,М,,00:24:20,December,2018,00:24:20,00:24:20,,1000
273,168,Кичало Юрий,М,,00:25:03,December,2018,00:25:03,00:25:03,,1000
280,172,Иванников Валерий,М,,00:25:11,December,2018,00:25:11,00:25:11,,1000
294,177,Копылов Денис,М,,00:25:40,December,2018,00:25:40,00:25:40,,1000
296,179,Коваленко Сергей,М,,00:25:47,December,2018,00:25:47,00:25:47,,1000
368,204,Шелухин Сергей,М,,00:28:05,December,2018,00:29:41,00:29:41,,1000
372,205,Слизов Алексей,М,,00:28:06,December,2018,00:28:06,00:28:06,,1000
374,208,Ивин Сергей,М,,00:28:13,December,2018,00:32:48,00:32:48,,1000
379,209,Каплинский Дмитрий,М,,00:28:22,December,2018,00:28:22,00:28:22,,1000
385,212,Шиманский Павел,М,,00:28:41,December,2018,00:28:41,00:28:41,,1000
443,234,Декало Тимофей,М,,00:31:45,December,2018,00:31:45,00:31:45,,1000
479,245,Рудометкин Павел,М,,00:41:16,December,2018,00:41:16,00:41:16,,1000
20,16,Папилин Сергей,М,SUB20,00:17:37,January,2018,00:24:35,00:24:35,sub20,1000
48,35,Самарин Андрей,М,SUB20,00:19:18,January,2018,00:19:18,00:19:18,sub20,1000
54,39,Бобров Дмитрий,М,SUB20,00:19:38,January,2018,00:22:10,00:22:10,sub20,1000
6,4,Воронов Павел,М,SUB20,00:16:28,February,2018,00:16:28,00:16:28,sub20,1000
14,12,Куропаткин Дмитрий,М,SUB20,00:17:13,February,2018,00:17:13,00:17:13,sub20,1000
58,41,Кузнецов Андрей,М,SUB20,00:19:47,February,2018,00:19:47,00:19:47,sub20,1000
2,2,Ермолов Максим,М,SUB20,00:15:51,March,2018,00:15:51,00:15:51,sub20,1000
4,3,Харламов Павел,М,SUB20,00:16:07,March,2018,00:17:09,00:17:09,sub20,1000
7,5,Блашенков Николай,М,SUB20,00:16:29,March,2018,00:16:29,00:16:29,sub20,1000
10,8,Шевченко Александр,М,SUB20,00:16:43,March,2018,00:21:32,00:21:32,sub20,1000
12,10,Лесин Никита,М,SUB20,00:17:01,March,2018,00:19:11,00:19:11,sub20,1000
13,11,Овчинников Антон,М,SUB20,00:17:06,March,2018,00:17:06,00:17:06,sub20,1000
14,12,Куропаткин Дмитрий,М,SUB20,00:17:13,March,2018,00:17:37,00:17:37,sub20,1000
18,14,Осякин Илья,М,SUB20,00:17:25,March,2018,00:18:04,00:18:04,sub20,1000
19,15,Малинин Александр,М,SUB20,00:17:32,March,2018,00:19:41,00:19:41,sub20,1000
20,16,Папилин Сергей,М,SUB20,00:17:37,March,2018,00:22:05,00:22:05,sub20,1000
28,23,Яцко Иван,М,SUB20,00:18:15,March,2018,00:19:44,00:19:44,sub20,1000
29,24,Гопеенко Алексей,М,SUB20,00:18:28,March,2018,00:18:50,00:18:50,sub20,1000
31,25,Моисеев Роман,М,SUB20,00:18:42,March,2018,00:18:42,00:18:42,sub20,1000
33,26,Назаров Александр,М,SUB20,00:18:46,March,2018,00:18:46,00:18:46,sub20,1000
35,28,Гулаков Алексей,М,SUB20,00:18:50,March,2018,00:20:00,00:20:00,sub20,1000
39,30,Чирков Станислав,М,SUB20,00:19:00,March,2018,00:19:00,00:19:00,sub20,1000
50,36,Кузнецов Станислав,М,SUB20,00:19:20,March,2018,00:19:20,00:19:20,sub20,1000
53,38,Спиридонов Данил,М,SUB20,00:19:37,March,2018,00:20:33,00:20:33,sub20,1000
61,43,Селезнев Владимир,М,SUB20,00:19:58,March,2018,00:25:35,00:25:35,sub20,1000
62,44,Колодников Василий,М,SUB20,00:19:58,March,2018,00:19:58,00:19:58,sub20,1000
1,1,Екель Тим,М,SUB20,00:15:50,April,2018,00:15:50,00:15:50,sub20,1000
8,6,Назаров Денис,М,SUB20,00:16:35,April,2018,00:16:35,00:16:35,sub20,1000
10,8,Шевченко Александр,М,SUB20,00:16:43,April,2018,00:19:41,00:19:41,sub20,1000
11,9,Чайкин Денис,М,SUB20,00:16:52,April,2018,00:16:52,00:16:52,sub20,1000
12,10,Лесин Никита,М,SUB20,00:17:01,April,2018,00:17:01,00:17:01,sub20,1000
16,13,Борисков Никита,М,SUB20,00:17:21,April,2018,00:17:38,00:17:38,sub20,1000
19,15,Малинин Александр,М,SUB20,00:17:32,April,2018,00:17:32,00:17:32,sub20,1000
20,16,Папилин Сергей,М,SUB20,00:17:37,April,2018,00:19:24,00:19:24,sub20,1000
21,17,Кузнецов Cтанислав,М,SUB20,00:17:51,April,2018,00:17:51,00:17:51,sub20,1000
23,18,Пономарев Сергей,М,SUB20,00:17:56,April,2018,00:17:56,00:17:56,sub20,1000
28,23,Яцко Иван,М,SUB20,00:18:15,April,2018,00:18:15,00:18:15,sub20,1000
29,24,Гопеенко Алексей,М,SUB20,00:18:28,April,2018,00:18:46,00:18:46,sub20,1000
35,28,Гулаков Алексей,М,SUB20,00:18:50,April,2018,00:18:50,00:18:50,sub20,1000
43,33,Галкин Григорий,М,SUB20,00:19:08,April,2018,00:19:08,00:19:08,sub20,1000
53,38,Спиридонов Данил,М,SUB20,00:19:37,April,2018,00:19:37,00:19:37,sub20,1000
58,41,Кузнецов Андрей,М,SUB20,00:19:47,April,2018,00:20:14,00:20:14,sub20,1000
60,42,Шаповалов Алексей,М,SUB20,00:19:53,April,2018,00:21:46,00:21:46,sub20,1000
9,7,Романюк Денис,М,SUB20,00:16:41,May,2018,00:16:47,00:16:47,sub20,1000
10,8,Шевченко Александр,М,SUB20,00:16:43,May,2018,00:19:33,00:19:33,sub20,1000
14,12,Куропаткин Дмитрий,М,SUB20,00:17:13,May,2018,00:17:26,00:17:26,sub20,1000
16,13,Борисков Никита,М,SUB20,00:17:21,May,2018,00:17:21,00:17:21,sub20,1000
18,14,Осякин Илья,М,SUB20,00:17:25,May,2018,00:17:25,00:17:25,sub20,1000
19,15,Малинин Александр,М,SUB20,00:17:32,May,2018,00:18:14,00:18:14,sub20,1000
20,16,Папилин Сергей,М,SUB20,00:17:37,May,2018,00:18:38,00:18:38,sub20,1000
25,20,Слободянюк Евгений,М,SUB20,00:18:01,May,2018,00:18:01,00:18:01,sub20,1000
29,24,Гопеенко Алексей,М,SUB20,00:18:28,May,2018,00:18:28,00:18:28,sub20,1000
34,27,Гарифуллин Артем,М,SUB20,00:18:48,May,2018,00:18:48,00:18:48,sub20,1000
40,31,Малютин Иван,М,SUB20,00:19:00,May,2018,00:19:00,00:19:00,sub20,1000
60,42,Шаповалов Алексей,М,SUB20,00:19:53,May,2018,00:19:53,00:19:53,sub20,1000
4,3,Харламов Павел,М,SUB20,00:16:07,June,2018,00:16:07,00:16:07,sub20,1000
9,7,Романюк Денис,М,SUB20,00:16:41,June,2018,00:16:41,00:16:41,sub20,1000
14,12,Куропаткин Дмитрий,М,SUB20,00:17:13,June,2018,00:17:32,00:17:32,sub20,1000
18,14,Осякин Илья,М,SUB20,00:17:25,June,2018,00:17:35,00:17:35,sub20,1000
19,15,Малинин Александр,М,SUB20,00:17:32,June,2018,00:17:46,00:17:46,sub20,1000
20,16,Папилин Сергей,М,SUB20,00:17:37,June,2018,00:17:37,00:17:37,sub20,1000
24,19,Гуринович Юрий,М,SUB20,00:18:00,June,2018,00:18:00,00:18:00,sub20,1000
35,28,Гулаков Алексей,М,SUB20,00:18:50,June,2018,00:18:52,00:18:52,sub20,1000
55,40,Самохвалов Денис,М,SUB20,00:19:40,June,2018,00:19:40,00:19:40,sub20,1000
27,22,Олейник Павел,М,SUB20,00:18:13,July,2018,00:18:13,00:18:13,sub20,1000
12,10,Лесин Никита,М,SUB20,00:17:01,September,2018,00:17:23,00:17:23,sub20,1000
36,29,Жарский Андрей,М,SUB20,00:18:53,September,2018,00:18:53,00:18:53,sub20,1000
54,39,Бобров Дмитрий,М,SUB20,00:19:38,September,2018,00:19:38,00:19:38,sub20,1000
42,32,Заворотнев Владимир,М,SUB20,00:19:06,October,2018,00:20:36,00:20:36,sub20,1000
54,39,Бобров Дмитрий,М,SUB20,00:19:38,October,2018,00:19:40,00:19:40,sub20,1000
10,8,Шевченко Александр,М,SUB20,00:16:43,November,2018,00:16:43,00:16:43,sub20,1000
26,21,Корнилов Андрей,М,SUB20,00:18:09,November,2018,00:18:09,00:18:09,sub20,1000
51,37,Русаков Валерий,М,SUB20,00:19:31,November,2018,00:19:31,00:19:31,sub20,1000
10,8,Шевченко Александр,М,SUB20,00:16:43,December,2018,00:16:59,00:16:59,sub20,1000
42,32,Заворотнев Владимир,М,SUB20,00:19:06,December,2018,00:19:06,00:19:06,sub20,1000
47,34,Федотов Игорь,М,SUB20,00:19:17,December,2018,00:19:17,00:19:17,sub20,1000
61,43,Селезнев Владимир,М,SUB20,00:19:58,December,2018,00:19:58,00:19:58,sub20,1000
